#Region,#State,#City,#Sales Method,#Product_Name,#Product_ID,#Discount,#Description,#Rating,#Reviews,#Right_Side_Img,#Sole_Img,#Left_Side_Img,#Top_Img,#Angle_Img,#Back_Side_Img,#Price_Amount,#Listing_Price_Amount,
Northeast,New York,New York,In-store,Nike Air Force 1 '07 Essential,CJ1646-600,10,Let your shoe game shimmer in the Nike Air Force 1 '07 Essential. It takes the classic AF-1 design to the next level with its premium leather upper and iridescent Swoosh.,0,0,https://static.nike.com/a/images/t_PDP_1728_v1/20488f52-3686-476c-b4b8-0ca430c34a05/air-force-1-07-essential-shoe-BHN3Db.jpg,https://static.nike.com/a/images/t_PDP_1728_v1/e9fe72b4-a153-4019-8ea6-9f31230b247c/air-force-1-07-essential-shoe-BHN3Db.jpg,https://static.nike.com/a/images/t_PDP_1728_v1/490add03-5c99-403d-b456-48036981ac92/air-force-1-07-essential-shoe-BHN3Db.jpg,https://static.nike.com/a/images/t_PDP_1728_v1/d4e9d5d6-3c97-4e58-bed6-1a2780519612/air-force-1-07-essential-shoe-BHN3Db.jpg,https://static.nike.com/a/images/t_PDP_1728_v1/8222053d-ec2a-4ba9-a8bb-7fe7e2108dad/air-force-1-07-essential-shoe-BHN3Db.jpg,https://static.nike.com/a/images/t_PDP_1728_v1/55111c5b-d5ea-4919-8d16-4af85bcdf0ae/air-force-1-07-essential-shoe-BHN3Db.jpg,$7495,$0,
Northeast,New York,New York,In-store,Nike Air Force 1 '07,CT4328-101,10,"The legend lives on in the Nike Air Force 1 '07, a modern take on the iconic AF1 that blends classic style with fresh colours and details.",0,0,https://static.nike.com/a/images/t_PDP_1728_v1/67e9c661-4cbb-4ff3-963f-49c0a219ba22/air-force-1-07-shoe-jKJ8T4.jpg,https://static.nike.com/a/images/t_PDP_1728_v1/b1ed2d84-1daa-40d8-99b5-b9e49bcaa847/air-force-1-07-shoe-jKJ8T4.jpg,https://static.nike.com/a/images/t_PDP_1728_v1/de328105-55fd-4929-8ce7-84b757e16208/air-force-1-07-shoe-jKJ8T4.jpg,https://static.nike.com/a/images/t_PDP_1728_v1/2d09a770-c245-4944-94fe-b814dde3c8f3/air-force-1-07-shoe-jKJ8T4.jpg,https://static.nike.com/a/images/t_PDP_1728_v1/fc94524c-f482-4a36-bdf3-85cf1e169448/air-force-1-07-shoe-jKJ8T4.jpg,https://static.nike.com/a/images/t_PDP_1728_v1/83b32091-6641-4589-8fbf-351db9eb874f/air-force-1-07-shoe-jKJ8T4.jpg,$7495,$0,
Northeast,New York,New York,In-store,Nike Air Force 1 Sage Low LX,CI3482-200,10,"Taking both height and craft to new levels, the Nike Air Force 1 Sage Low LX features a platform midsole and pared-down upper. Rolled edges and clean lines replace traditional overlays for a bold look.",0,0,https://static.nike.com/a/images/t_PDP_1728_v1/9c4f5787-cfca-49e1-ad6b-d8058da06a4c/air-force-1-sage-low-lx-shoe-nTkdbB.jpg,https://static.nike.com/a/images/t_PDP_1728_v1/0adfe5c6-7948-4a79-ab0f-42afa8f669cd/air-force-1-sage-low-lx-shoe-nTkdbB.jpg,https://static.nike.com/a/images/t_PDP_1728_v1/ecc5d779-08f6-4874-9707-a5f390fe40ef/air-force-1-sage-low-lx-shoe-nTkdbB.jpg,https://static.nike.com/a/images/t_PDP_1728_v1/5367a63a-7c0f-41c0-ad75-3a6dc8b67518/air-force-1-sage-low-lx-shoe-nTkdbB.jpg,https://static.nike.com/a/images/t_PDP_1728_v1/1e556acc-f95e-4051-b5e2-e462ee9edc89/air-force-1-sage-low-lx-shoe-nTkdbB.jpg,https://static.nike.com/a/images/t_PDP_1728_v1/59a51ae0-7832-4b70-934b-a38e2d8db399/air-force-1-sage-low-lx-shoe-nTkdbB.jpg,$9995,$0,
Northeast,New York,New York,In-store,Nike Air Max Dia SE,CD0479-200,10,"Designed for a woman's foot, the Nike Air Max Dia delivers a lifted look and airy aesthetic in a sleek shape. The minimal upper modernises the look while the exaggerated midsole amplifies the Max Air unit surrounded by clear TPU for a boost of style.",0,0,https://static.nike.com/a/images/t_PDP_1728_v1/17c7e995-7b18-43ff-87cb-ce0e239f4fe5/air-max-dia-se-shoe-CH3Phk.jpg,https://static.nike.com/a/images/t_PDP_1728_v1/0ba9a88d-576c-4c60-94ec-6ad8c52b2249/air-max-dia-se-shoe-CH3Phk.jpg,https://static.nike.com/a/images/t_PDP_1728_v1/0577e913-f692-4e45-bdf6-d9bbb21a3402/air-max-dia-se-shoe-CH3Phk.jpg,https://static.nike.com/a/images/t_PDP_1728_v1/bed0afea-98e5-46b2-8f44-e0909d469602/air-max-dia-se-shoe-CH3Phk.jpg,https://static.nike.com/a/images/t_PDP_1728_v1/3e187963-5a01-4646-85da-15f2ed253f54/air-max-dia-se-shoe-CH3Phk.jpg,https://static.nike.com/a/images/t_PDP_1728_v1/f214164e-0a55-4dd3-81cc-73d530de444d/air-max-dia-se-shoe-CH3Phk.jpg,$9995,$0,
Northeast,New York,New York,In-store,Nike Air Max Verona,CZ6156-101,10,"Pass on the good vibes in the Nike Air Max Verona. Elegant and versatile, its mixed-material upper features a plush collar, flashy colours and unique stitching patterns. The Nike Air cushioning adds a modern twist, comfort and style to your journey.",0,0,https://static.nike.com/a/images/t_PDP_1728_v1/i1-5150aab0-88d1-4b92-ac2a-34d9d7710163/air-max-verona-shoe-BN7zWH.jpg,https://static.nike.com/a/images/t_PDP_1728_v1/i1-f4f2a89e-c52e-41c9-a7e5-3e61b3f84a22/air-max-verona-shoe-BN7zWH.jpg,https://static.nike.com/a/images/t_PDP_1728_v1/i1-058ea182-88de-4d4e-bccc-e44b692770e6/air-max-verona-shoe-BN7zWH.jpg,https://static.nike.com/a/images/t_PDP_1728_v1/i1-36e9ed9e-d659-4f2d-a4b8-12c214ab433f/air-max-verona-shoe-BN7zWH.jpg,https://static.nike.com/a/images/t_PDP_1728_v1/i1-a048b050-ffb1-4b45-ad60-5066ee7e6e92/air-max-verona-shoe-BN7zWH.jpg,https://static.nike.com/a/images/t_PDP_1728_v1/i1-7b5be0b1-adf4-4b0e-ae01-a03f5d3d5a2e/air-max-verona-shoe-BN7zWH.jpg,$9995,$0,
Northeast,New York,New York,In-store,Nike Free Metcon 3,CJ6314-146,10,"The Nike Free Metcon 3 combines the flexibility of a Nike Free sole with the flat, wide heel of the Metcon to keep you fast but stable on your feet from weightlifting to speed drills.",0,0,https://static.nike.com/a/images/t_PDP_1728_v1/2dbb7f8c-e1ab-4684-a36e-cea5df876111/free-metcon-3-training-shoe-NMfJ2J.jpg,https://static.nike.com/a/images/t_PDP_1728_v1/b18a977a-4e36-49e9-92ff-fb1ed5a2691c/free-metcon-3-training-shoe-NMfJ2J.jpg,https://static.nike.com/a/images/t_PDP_1728_v1/f7d5a894-4d81-422d-a155-e843f9f1e0e3/free-metcon-3-training-shoe-NMfJ2J.jpg,https://static.nike.com/a/images/t_PDP_1728_v1/6b96b3ff-1586-46c7-9f97-35ae6cbd05fd/free-metcon-3-training-shoe-NMfJ2J.jpg,https://static.nike.com/a/images/t_PDP_1728_v1/bb4ed098-c148-45d9-b4f6-a0a72c454886/free-metcon-3-training-shoe-NMfJ2J.jpg,https://static.nike.com/a/images/t_PDP_1728_v1/ffb68b34-c159-435b-ad4e-2d545c9c8166/free-metcon-3-training-shoe-NMfJ2J.jpg,$9995,$0,
Northeast,New York,New York,In-store,NikeCourt Blanc,CI0808-100,10,"Inspired by heritage models, the NikeCourt Blanc goes with anything and everything. Leather in the upper gives you a clean look with pops of colour for a simple, versatile style that nods to the past.",0,0,https://static.nike.com/a/images/t_PDP_1728_v1/308cb920-402a-45e6-9e91-ab1fd2b6bef2/nikecourt-blanc-shoe-lKw62P.jpg,https://static.nike.com/a/images/t_PDP_1728_v1/6597a794-fcb6-44f0-b80e-c530f33b208e/nikecourt-blanc-shoe-lKw62P.jpg,https://static.nike.com/a/images/t_PDP_1728_v1/9eaaa8a7-198e-44e2-b6b3-4f715b0c8ad1/nikecourt-blanc-shoe-lKw62P.jpg,https://static.nike.com/a/images/t_PDP_1728_v1/e40ff4c6-7031-4e46-b908-5054491f0df7/nikecourt-blanc-shoe-lKw62P.jpg,https://static.nike.com/a/images/t_PDP_1728_v1/50c6e4d6-ba3f-4366-b3a7-5e922414a5a6/nikecourt-blanc-shoe-lKw62P.jpg,https://static.nike.com/a/images/t_PDP_1728_v1/41dcd09b-4044-4478-83bf-75da511aaaaf/nikecourt-blanc-shoe-lKw62P.jpg,$5995,$0,
Northeast,New York,New York,Outlet,Nike Free Metcon 3,CJ0861-017,10,"The Nike Zoom Pegasus Turbo 2 is updated with a feather-light upper, while innovative foam brings revolutionary responsiveness to your long-distance training.",3,14,https://static.nike.com/a/images/t_PDP_1728_v1/i1-1744f98f-e160-4e46-a574-512f4a46bcd6/zoom-pegasus-turbo-2-running-shoe-sQMJVQ.jpg,https://static.nike.com/a/images/t_PDP_1728_v1/i1-4f1ed73d-5099-4cac-b53d-94e8435ea3f4/zoom-pegasus-turbo-2-running-shoe-sQMJVQ.jpg,https://static.nike.com/a/images/t_PDP_1728_v1/i1-8416b75f-b452-4d72-a877-56ab51f09556/zoom-pegasus-turbo-2-running-shoe-sQMJVQ.jpg,https://static.nike.com/a/images/t_PDP_1728_v1/i1-9c076ea8-adad-4b13-860c-4b12b4b5eeef/zoom-pegasus-turbo-2-running-shoe-sQMJVQ.jpg,https://static.nike.com/a/images/t_PDP_1728_v1/i1-7c7774b2-47eb-4d7d-bf92-406d046f3e00/zoom-pegasus-turbo-2-running-shoe-sQMJVQ.jpg,https://static.nike.com/a/images/t_PDP_1728_v1/i1-7aca6211-d4f8-49af-b4e4-ff6d9102165b/zoom-pegasus-turbo-2-running-shoe-sQMJVQ.jpg,$15995,$0,
South,Texas,Houston,Outlet,Nike Zoom Gravity,BQ3202-011,10,"Kevin Durant likes a shoe that feels broken-in straight away but still provides containment and support. The KD Trey 5 VII EP hits the ground running with a combination of bouncy cushioning with a precise, supportive fit that's ready to go right out of the box.",0,0,https://static.nike.com/a/images/t_PDP_1728_v1/i1-43628759-0d10-4532-aa38-1d7688da5b54/kd-trey-5-vii-ep-shoe-HHVZxG.jpg,https://static.nike.com/a/images/t_PDP_1728_v1/i1-9c621f29-77cb-43fb-9721-18dfa0e73294/kd-trey-5-vii-ep-shoe-HHVZxG.jpg,https://static.nike.com/a/images/t_PDP_1728_v1/i1-bd780b04-e07d-4e5d-b487-ba33e2156dac/kd-trey-5-vii-ep-shoe-HHVZxG.jpg,https://static.nike.com/a/images/t_PDP_1728_v1/i1-77519024-4100-461d-94a9-5b33fe969e90/kd-trey-5-vii-ep-shoe-HHVZxG.jpg,https://static.nike.com/a/images/t_PDP_1728_v1/i1-5744db1a-bcba-4ab7-8a64-cc83106f24ea/kd-trey-5-vii-ep-shoe-HHVZxG.jpg,https://static.nike.com/a/images/t_PDP_1728_v1/i1-fa67fbbc-c1c5-4738-8b28-7b7e1de9f6d4/kd-trey-5-vii-ep-shoe-HHVZxG.jpg,$7995,$0,
South,Texas,Houston,Outlet,Nike Air Max 270 React ENG,CD0113-400,10,"The soft upper of the Nike Mercurial Vapor 13 Academy TF Shoe wraps your foot for a second-skin fit, while the rubber outsole helps super-charge traction on turf.",0,0,https://static.nike.com/a/images/t_PDP_1728_v1/b4ad3b68-d1a2-4fcd-9ea9-b68d5dcea6c7/mercurial-vapor-13-academy-tf-football-shoe-SWGkHF.jpg,https://static.nike.com/a/images/t_PDP_1728_v1/8b863f06-7508-4fdf-a119-2b85de58ab53/mercurial-vapor-13-academy-tf-football-shoe-SWGkHF.jpg,https://static.nike.com/a/images/t_PDP_1728_v1/7280d9d1-6894-48e5-972c-8ece69adddda/mercurial-vapor-13-academy-tf-football-shoe-SWGkHF.jpg,https://static.nike.com/a/images/t_PDP_1728_v1/12c5a3c1-0650-441d-b1b6-e46be7a0f137/mercurial-vapor-13-academy-tf-football-shoe-SWGkHF.jpg,https://static.nike.com/a/images/t_PDP_1728_v1/5f00b042-09f3-4ce0-a52c-c4c82ff92efb/mercurial-vapor-13-academy-tf-football-shoe-SWGkHF.jpg,https://static.nike.com/a/images/t_PDP_1728_v1/c09a5369-a2ae-4c95-b312-fb6611eda639/mercurial-vapor-13-academy-tf-football-shoe-SWGkHF.jpg,$7495,$0,
South,Texas,Houston,Outlet,Nike Air Force 1 Type,CQ2344-100,10,"An update to the ultra-fast Jordan React Havoc, the SE maintains its responsive cushioning combination while revamping elements of the upper. The transparent heel clip offers the same great heel lockdown but with a new aesthetic. A synthetic suede and striped-line mudguard provides lightweight lateral support. The updated tongue reduces lace pressure and provides easy on and off.",0,0,https://static.nike.com/a/images/t_PDP_1728_v1/82352767-a3db-46fe-bf7b-b0e03edc01aa/jordan-react-havoc-se-running-shoe-FLQ4bZ.jpg,https://static.nike.com/a/images/t_PDP_1728_v1/f3661240-0a1a-4dae-912d-85ebd92354f8/jordan-react-havoc-se-running-shoe-FLQ4bZ.jpg,https://static.nike.com/a/images/t_PDP_1728_v1/3871f796-d3fe-4db6-800b-b7b31244bf58/jordan-react-havoc-se-running-shoe-FLQ4bZ.jpg,https://static.nike.com/a/images/t_PDP_1728_v1/b89db0f2-c56f-439c-8794-dbf0a77e53d4/jordan-react-havoc-se-running-shoe-FLQ4bZ.jpg,https://static.nike.com/a/images/t_PDP_1728_v1/0399cd55-8085-4098-864f-1088d079dd02/jordan-react-havoc-se-running-shoe-FLQ4bZ.jpg,https://static.nike.com/a/images/t_PDP_1728_v1/b5b0eabf-20f0-4e2e-91f6-af16a799a62e/jordan-react-havoc-se-running-shoe-FLQ4bZ.jpg,$10995,$0,
South,Texas,Houston,Outlet,Nike Air Max 270 React,AO4971-700,10,"The Nike SB Air Max Stefan Janoski 2 hugs your foot with a breathable textile upper. A Max Air unit in the heel cushions every step, while a flat rubber outsole optimises grip when you're on your board.",3,11,https://static.nike.com/a/images/t_PDP_1728_v1/i1-88481531-ade2-4be2-b280-de4dfefb25f8/sb-air-max-stefan-janoski-2-skate-shoe-3Q3vrl.jpg,https://static.nike.com/a/images/t_PDP_1728_v1/i1-4b4edfdb-241f-4ed9-ae39-da98426535ad/sb-air-max-stefan-janoski-2-skate-shoe-3Q3vrl.jpg,https://static.nike.com/a/images/t_PDP_1728_v1/i1-1c4c36ec-f365-4e74-9c97-17c58dbd6b83/sb-air-max-stefan-janoski-2-skate-shoe-3Q3vrl.jpg,https://static.nike.com/a/images/t_PDP_1728_v1/i1-d33b486b-0ab1-4af8-90a9-5f2fa6d55073/sb-air-max-stefan-janoski-2-skate-shoe-3Q3vrl.jpg,https://static.nike.com/a/images/t_PDP_1728_v1/i1-6b93eca7-9723-49a6-a3aa-efda859d6106/sb-air-max-stefan-janoski-2-skate-shoe-3Q3vrl.jpg,https://static.nike.com/a/images/t_PDP_1728_v1/i1-e513cae2-4d45-4f1c-bd77-b70b8b21f136/sb-air-max-stefan-janoski-2-skate-shoe-3Q3vrl.jpg,$9995,$0,
South,Texas,Houston,Outlet,Nike React Presto,AV2605-101,10,"Ideal for runs up to 3 miles, the Nike Free RN Flyknit 3.0 delivers a lace-free design so you can slip in and hit your stride. An updated flex groove pattern and modified midsole foam provides more flexibility than its predecessor, creating a barefoot sensation with every step. A mix of supportive and stretchy yarns are zonally placed for comfort that moves with your foot.",4,10,https://static.nike.com/a/images/t_PDP_1728_v1/mmt4hemae0hjzfo3laid/free-rn-flyknit-3-running-shoe-vVqwz6.jpg,https://static.nike.com/a/images/t_PDP_1728_v1/kn58thb4x3ddm5i5imkr/free-rn-flyknit-3-running-shoe-vVqwz6.jpg,https://static.nike.com/a/images/t_PDP_1728_v1/pcatukbqtmtfteujw9ij/free-rn-flyknit-3-running-shoe-vVqwz6.jpg,https://static.nike.com/a/images/t_PDP_1728_v1/ukd5b1w1mllebnqymkz8/free-rn-flyknit-3-running-shoe-vVqwz6.jpg,https://static.nike.com/a/images/t_PDP_1728_v1/z64dj72ufinei6m6mgki/free-rn-flyknit-3-running-shoe-vVqwz6.jpg,https://static.nike.com/a/images/t_PDP_1728_v1/ckcsagzdizbwhszatyvy/free-rn-flyknit-3-running-shoe-vVqwz6.jpg,$7697,$10995,
South,Texas,Houston,Outlet,Nike Legend React,AA1625-009,10,"The Nike Phantom Venom Academy FG is engineered for powerful, precise strikes that win games. Ridges on the instep create spin to control the flight of the ball, while the firm-ground plate provides the traction needed to unleash at any moment.",3,5,https://static.nike.com/a/images/t_PDP_1728_v1/c1b6a564-a475-46f3-acab-8076ecfca48c/phantom-venom-academy-fg-football-boot-8K8CNP.jpg,https://static.nike.com/a/images/t_PDP_1728_v1/fbf55013-d88d-4626-8e3c-d2360ba0159a/phantom-venom-academy-fg-football-boot-8K8CNP.jpg,https://static.nike.com/a/images/t_PDP_1728_v1/6d64a679-51b7-46db-9499-fd906a8fad2c/phantom-venom-academy-fg-football-boot-8K8CNP.jpg,https://static.nike.com/a/images/t_PDP_1728_v1/84345e2c-ef3f-4305-93a0-17e749e5ee83/phantom-venom-academy-fg-football-boot-8K8CNP.jpg,https://static.nike.com/a/images/t_PDP_1728_v1/3427842d-2a42-44d9-b6ec-41c14acad6cd/phantom-venom-academy-fg-football-boot-8K8CNP.jpg,https://static.nike.com/a/images/t_PDP_1728_v1/f7398cf0-0222-4ab9-874c-f2d9ca6393af/phantom-venom-academy-fg-football-boot-8K8CNP.jpg,$7495,$0,
South,Texas,Houston,Outlet,Air Jordan 1 Low SE,CK3022-005,10,"Designed for speed, stability and comfort, the Nike Air Ghost Racer was a hit 20 years ago?and now it's back in a stitch-for-stitch remake. And though it has all the same features as the original, it might be even better than you remember.",5,2,https://static.nike.com/a/images/t_PDP_1728_v1/v08gfolm1xl4ph79dszd/air-ghost-racer-shoe-CClwQd.jpg,https://static.nike.com/a/images/t_PDP_1728_v1/jzfovha6bttpzeuakgc6/air-ghost-racer-shoe-CClwQd.jpg,https://static.nike.com/a/images/t_PDP_1728_v1/agvo9xukqllwffunxnjn/air-ghost-racer-shoe-CClwQd.jpg,https://static.nike.com/a/images/t_PDP_1728_v1/m25choaqw3u1oml80rxp/air-ghost-racer-shoe-CClwQd.jpg,https://static.nike.com/a/images/t_PDP_1728_v1/rpqoixyzplvsslyujfau/air-ghost-racer-shoe-CClwQd.jpg,https://static.nike.com/a/images/t_PDP_1728_v1/g4luyxrfujszdsjgt3gt/air-ghost-racer-shoe-CClwQd.jpg,$6997,$9995,
South,Texas,Houston,Outlet,NikeCourt Air Max Wildcard,AO7351-104,10,"Designed and tested in Oregon, the Nike ACG Antarktik is a ""jacket"" for your foot. Its tough ripstop upper combines with a GORE-TEX lining to help keep your foot dry. All-new lug details use hard rubber for traction in all conditions.",3,20,https://static.nike.com/a/images/t_PDP_1728_v1/e18ea80d-da31-4518-8b9a-7e9da490d429/acg-air-terra-antarktik-shoe-q2q0qj.jpg,https://static.nike.com/a/images/t_PDP_1728_v1/e7ec3775-e979-4b6c-82a6-b21ad5f964d1/acg-air-terra-antarktik-shoe-q2q0qj.jpg,https://static.nike.com/a/images/t_PDP_1728_v1/e683e5a4-6817-48c7-a830-6ef4fb5e5061/acg-air-terra-antarktik-shoe-q2q0qj.jpg,https://static.nike.com/a/images/t_PDP_1728_v1/55f7e23e-8862-4faa-ba50-045f18ec2097/acg-air-terra-antarktik-shoe-q2q0qj.jpg,https://static.nike.com/a/images/t_PDP_1728_v1/d8e8607e-0e33-4416-8662-e0e9db29502b/acg-air-terra-antarktik-shoe-q2q0qj.jpg,https://static.nike.com/a/images/t_PDP_1728_v1/e6ec8c8b-f100-4ac0-b3e3-5c2ed80c11d0/acg-air-terra-antarktik-shoe-q2q0qj.jpg,$15995,$0,
South,Texas,Houston,Outlet,Nike Blazer Low,AJ9515-001,10,"Originally released in 1994, the Nike Air Max 2 Light returns as a near-exact replica of the iconic runner. A mesh and synthetic leather upper, moulded heel and vibrant Air Max unit honour the OG. The soft foam midsole optimises all-day comfort.",0,0,https://static.nike.com/a/images/t_PDP_1728_v1/e18b6d12-0e41-4697-8bb9-9e6410d0150e/air-max-2-light-shoe-r1kSJt.jpg,https://static.nike.com/a/images/t_PDP_1728_v1/85f278ed-2592-48ff-bad5-66b771c1db48/air-max-2-light-shoe-r1kSJt.jpg,https://static.nike.com/a/images/t_PDP_1728_v1/4b614b1b-8e16-49e7-a85d-629e5d15e988/air-max-2-light-shoe-r1kSJt.jpg,https://static.nike.com/a/images/t_PDP_1728_v1/fdc2d71a-cbfb-43bb-81ae-5ffd0504a99f/air-max-2-light-shoe-r1kSJt.jpg,https://static.nike.com/a/images/t_PDP_1728_v1/e5df7003-f00b-490f-9f3c-8a168d57ec77/air-max-2-light-shoe-r1kSJt.jpg,https://static.nike.com/a/images/t_PDP_1728_v1/7b81dbbc-b821-4cbc-9774-364ce0134a8c/air-max-2-light-shoe-r1kSJt.jpg,$9597,$11995,
South,Texas,Houston,Outlet,Zoom LeBron 3 QS,AO2434-101,10,"Building on the forefoot plate innovation of the 6, the Nike Mercurial Superfly 7 Academy MG Boot adds a versatile multi-ground plate that provides traction on natural- and artificial-grass surfaces.",5,2,https://static.nike.com/a/images/t_PDP_1728_v1/v8f5640a5krvbxvuqa3r/mercurial-superfly-7-academy-mg-multi-ground-football-boot-9c8jVQ.jpg,https://static.nike.com/a/images/t_PDP_1728_v1/svlktvp2neodykyyo4bf/mercurial-superfly-7-academy-mg-multi-ground-football-boot-9c8jVQ.jpg,https://static.nike.com/a/images/t_PDP_1728_v1/kle5jzbicb5amsayi1to/mercurial-superfly-7-academy-mg-multi-ground-football-boot-9c8jVQ.jpg,https://static.nike.com/a/images/t_PDP_1728_v1/zczz8vmhhezyqwekwrox/mercurial-superfly-7-academy-mg-multi-ground-football-boot-9c8jVQ.jpg,https://static.nike.com/a/images/t_PDP_1728_v1/n4yufdszrsfxearhpyby/mercurial-superfly-7-academy-mg-multi-ground-football-boot-9c8jVQ.jpg,https://static.nike.com/a/images/t_PDP_1728_v1/ow0dv681h5ftlojn4xbs/mercurial-superfly-7-academy-mg-multi-ground-football-boot-9c8jVQ.jpg,$8495,$0,
South,Texas,Houston,Outlet,Nike Free Metcon 3,CJ0861-010,10,"Join the hoops uprising in the AlphaDunk, one of Nike Basketball's bounciest game shoes to date. The revamped upper construction is light and supportive and a large cushioning unit spans nearly the entire forefoot, giving you all the responsiveness you can handle on the court.",3,12,https://static.nike.com/a/images/t_PDP_1728_v1/uymy5ecxo9izfbvylyiy/alphadunk-basketball-shoe-qh0qTV.jpg,https://static.nike.com/a/images/t_PDP_1728_v1/horlh9g2mlgpidmrsaaz/alphadunk-basketball-shoe-qh0qTV.jpg,https://static.nike.com/a/images/t_PDP_1728_v1/qa74rxptbqbijyva0bhv/alphadunk-basketball-shoe-qh0qTV.jpg,https://static.nike.com/a/images/t_PDP_1728_v1/trprwcxy96bcnkwy2eiu/alphadunk-basketball-shoe-qh0qTV.jpg,https://static.nike.com/a/images/t_PDP_1728_v1/rbq3sbti6bffx7svvro9/alphadunk-basketball-shoe-qh0qTV.jpg,https://static.nike.com/a/images/t_PDP_1728_v1/uh2x3zzlnzkqk9rk63ip/alphadunk-basketball-shoe-qh0qTV.jpg,$11197,$15995,
West,California,San Francisco,Outlet,Kyrie 6 AS EP,CD5028-900,10,"The Nike Air VaporMax 360 combines 2 legends of Air: the Nike Air Max 360 and the Nike VaporMax. Featuring a full-length foam midsole and VaporMax Air unit, you'll roll through the streets in comfort with bold, early-aughts style.",0,0,https://static.nike.com/a/images/t_PDP_1728_v1/c39125ce-2c2e-438e-9000-40a6bd58cb74/air-vapormax-360-shoe-PJXX0g.jpg,https://static.nike.com/a/images/t_PDP_1728_v1/ce02163e-a207-473a-bf07-3c4eabc977c3/air-vapormax-360-shoe-PJXX0g.jpg,https://static.nike.com/a/images/t_PDP_1728_v1/6e28620f-5658-43a6-bb03-e8ad01812584/air-vapormax-360-shoe-PJXX0g.jpg,https://static.nike.com/a/images/t_PDP_1728_v1/207f21cd-5723-42f2-bd2e-e66518a37dbe/air-vapormax-360-shoe-PJXX0g.jpg,https://static.nike.com/a/images/t_PDP_1728_v1/a87f19ca-87ae-4fe5-9a4d-66b3485bb77f/air-vapormax-360-shoe-PJXX0g.jpg,https://static.nike.com/a/images/t_PDP_1728_v1/b01790e4-498a-4607-9976-7568e784b1aa/air-vapormax-360-shoe-PJXX0g.jpg,$18995,$0,
West,California,San Francisco,Outlet,Nike Air VaporMax Flyknit 3,AJ6900-102,10,"Inspired by basketball, the Nike Blazer Low QS Flyleather features an innovative Flyleather upper for a premium look and bold graphics by artist Steven Harrington.",2,2,https://static.nike.com/a/images/t_PDP_1728_v1/xwufiovn9t929broc9vo/blazer-low-qs-flyleather-with-at-least-50-leather-fibre-shoe-P5NF0Q.jpg,https://static.nike.com/a/images/t_PDP_1728_v1/e3v2yobdqdikpspbt9er/blazer-low-qs-flyleather-with-at-least-50-leather-fibre-shoe-P5NF0Q.jpg,https://static.nike.com/a/images/t_PDP_1728_v1/sr3zipbz4kx1ql4cblju/blazer-low-qs-flyleather-with-at-least-50-leather-fibre-shoe-P5NF0Q.jpg,https://static.nike.com/a/images/t_PDP_1728_v1/yaww347sezpbqxa3l0ml/blazer-low-qs-flyleather-with-at-least-50-leather-fibre-shoe-P5NF0Q.jpg,https://static.nike.com/a/images/t_PDP_1728_v1/bjxixo2bkcmveihahd5i/blazer-low-qs-flyleather-with-at-least-50-leather-fibre-shoe-P5NF0Q.jpg,https://static.nike.com/a/images/t_PDP_1728_v1/awqua6jhcpo88suywnua/blazer-low-qs-flyleather-with-at-least-50-leather-fibre-shoe-P5NF0Q.jpg,$6495,$0,
West,California,San Francisco,Outlet,Nike Air Max Verona,CI9842-500,10,The Nike SB Dunk High Pro pairs iconic Dunk style with a high-top design for a fresh look. A Zoom Air unit in the heel and a padded tongue create a comfortable fit that's made to skate.,5,4,https://static.nike.com/a/images/t_PDP_1728_v1/30fcf301-cd3c-4334-a14f-836e92cc5893/sb-dunk-high-pro-skate-shoe-l6hgPS.jpg,https://static.nike.com/a/images/t_PDP_1728_v1/98377f66-ad88-4366-9747-3fa0b7a09607/sb-dunk-high-pro-skate-shoe-l6hgPS.jpg,https://static.nike.com/a/images/t_PDP_1728_v1/3627aff8-3541-4492-8a26-e71ee64f9687/sb-dunk-high-pro-skate-shoe-l6hgPS.jpg,https://static.nike.com/a/images/t_PDP_1728_v1/fb62d830-7bd6-40aa-99da-a4e7b20c874f/sb-dunk-high-pro-skate-shoe-l6hgPS.jpg,https://static.nike.com/a/images/t_PDP_1728_v1/e0dd4efd-9f2b-4940-8397-33cb25d3fc44/sb-dunk-high-pro-skate-shoe-l6hgPS.jpg,https://static.nike.com/a/images/t_PDP_1728_v1/2ebdc27e-d62c-4c2f-8a15-d0a3bc33ba41/sb-dunk-high-pro-skate-shoe-l6hgPS.jpg,$8995,$0,
West,California,San Francisco,Outlet,Nike Air Force 1 Shadow,CI0919-100,10,"Nike Sportswear's first collaboration by the Hatfield brothers, the Nike Air Max 90 FlyEase combines the timelessness of Tinker's original design with Tobie's FlyEase technology. The heel collapses when you step in then snaps back into place, providing quick, easy access to one of history's most iconic sneakers.",4,1,https://static.nike.com/a/images/t_PDP_1728_v1/i1-09628d72-74e6-4eb5-8f2c-5d9748e43866/air-max-90-flyease-shoe-Nc7xP2.jpg,https://static.nike.com/a/images/t_PDP_1728_v1/i1-dbbe4e5f-60a5-4047-b577-8bd2399085bf/air-max-90-flyease-shoe-Nc7xP2.jpg,https://static.nike.com/a/images/t_PDP_1728_v1/i1-7891c11b-75b4-480c-91a0-798378e747eb/air-max-90-flyease-shoe-Nc7xP2.jpg,https://static.nike.com/a/images/t_PDP_1728_v1/i1-97930196-db93-445e-9238-2c31ffa24d4f/air-max-90-flyease-shoe-Nc7xP2.jpg,https://static.nike.com/a/images/t_PDP_1728_v1/i1-e315e907-355b-4669-8683-65e6e960f156/air-max-90-flyease-shoe-Nc7xP2.jpg,https://static.nike.com/a/images/t_PDP_1728_v1/i1-3dcf70d9-39bb-4c0c-9ca4-1a11695f65c9/air-max-90-flyease-shoe-Nc7xP2.jpg,$9995,$0,
West,California,San Francisco,Outlet,Nike Air Max Verona,CK7200-800,10,The Nike Metcon 5 AMP arms you with stability for heavy lifting and traction for sprints during high-impact training. It combines breathability and durability to be your secret weapon in the gym.,5,2,https://static.nike.com/a/images/t_PDP_1728_v1/i1-fe8f87b9-e08a-4762-be12-4b50ddb5acbe/metcon-5-amp-training-shoe-bKGvzX.jpg,https://static.nike.com/a/images/t_PDP_1728_v1/i1-1bee9365-afba-48eb-9dff-0dd237153226/metcon-5-amp-training-shoe-bKGvzX.jpg,https://static.nike.com/a/images/t_PDP_1728_v1/i1-31709e11-536e-4d5f-a353-3b1ff341ee49/metcon-5-amp-training-shoe-bKGvzX.jpg,https://static.nike.com/a/images/t_PDP_1728_v1/i1-29da44a8-a67f-48fd-a9f6-714d95d3e4f7/metcon-5-amp-training-shoe-bKGvzX.jpg,https://static.nike.com/a/images/t_PDP_1728_v1/i1-ea12f3c5-50c1-4c76-b840-13c334c76069/metcon-5-amp-training-shoe-bKGvzX.jpg,https://static.nike.com/a/images/t_PDP_1728_v1/i1-6e0b73b0-079b-4b58-8c38-0a42e715fd1e/metcon-5-amp-training-shoe-bKGvzX.jpg,$11995,$0,
West,California,San Francisco,Outlet,Nike Air Tailwind 79,487754-303,10,"Drawing inspiration from the Monarch franchise, the Nike M2K Tekno combines real and synthetic leathers with textile for a layered look.",5,7,https://static.nike.com/a/images/t_PDP_1728_v1/y02mongv0ibbtqd65p7h/m2k-tekno-shoe-H0pjTb.jpg,https://static.nike.com/a/images/t_PDP_1728_v1/npedynfh9jo1zaapd8sy/m2k-tekno-shoe-H0pjTb.jpg,https://static.nike.com/a/images/t_PDP_1728_v1/zwef8qccs1lq277hll5o/m2k-tekno-shoe-H0pjTb.jpg,https://static.nike.com/a/images/t_PDP_1728_v1/zhnkdm2jatx1yqf1duai/m2k-tekno-shoe-H0pjTb.jpg,https://static.nike.com/a/images/t_PDP_1728_v1/vkecjhjtfgmoii8fifql/m2k-tekno-shoe-H0pjTb.jpg,https://static.nike.com/a/images/t_PDP_1728_v1/hzpfogprkmrl7xysazs1/m2k-tekno-shoe-H0pjTb.jpg,$7197,$8995,
West,California,San Francisco,Outlet,Nike TiempoX Lunar Legend VII Pro TF,AH7249-118,10,"Designed for running but adopted by the street, the Nike Air VaporMax 2019 features the lightest, most flexible Air Max cushioning to date. A stretch woven material wraps your foot for lightweight support and stability, while an external reinforcement in the heel secures the back of your foot.",4,24,https://c.static-nike.com/a/images/t_PDP_1728_v1/vhkqfleqsr1arzdsajup/air-vapormax-2019-shoe-7382Lb.jpg,https://c.static-nike.com/a/images/t_PDP_1728_v1/wudzyvmpj01ldzsvobey/air-vapormax-2019-shoe-7382Lb.jpg,https://c.static-nike.com/a/images/t_PDP_1728_v1/yqnm1wyr6czaggwn6msm/air-vapormax-2019-shoe-7382Lb.jpg,https://c.static-nike.com/a/images/t_PDP_1728_v1/zzr1k0vhtm87vyjkze9d/air-vapormax-2019-shoe-7382Lb.jpg,https://c.static-nike.com/a/images/t_PDP_1728_v1/nzc109lsfwvyfpfci80a/air-vapormax-2019-shoe-7382Lb.jpg,https://c.static-nike.com/a/images/t_PDP_1728_v1/uzy3gjywhl6ysb7hw6uk/air-vapormax-2019-shoe-7382Lb.jpg,$12797,$15995,
West,California,San Francisco,Outlet,Nike Air Max Plus III,CJ9684-001,10,The Nike React Element 55 Shoe borrows design lines from heritage runners like the Nike Internationalist and then places it all on Nike React technology.,4,31,https://c.static-nike.com/a/images/t_PDP_1728_v1/phtxk7gcbggxsczgyemw/react-element-55-shoe-N5lCTh.jpg,https://c.static-nike.com/a/images/t_PDP_1728_v1/obskdsswigaq6u3eickq/react-element-55-shoe-N5lCTh.jpg,https://c.static-nike.com/a/images/t_PDP_1728_v1/t6x24rrejxbqnobwowq2/react-element-55-shoe-N5lCTh.jpg,https://c.static-nike.com/a/images/t_PDP_1728_v1/g39u38fldmgihc58ohxs/react-element-55-shoe-N5lCTh.jpg,https://c.static-nike.com/a/images/t_PDP_1728_v1/zbgrzdzbnsufdekwwvw4/react-element-55-shoe-N5lCTh.jpg,https://c.static-nike.com/a/images/t_PDP_1728_v1/i36oksftzqqbbljy5icl/react-element-55-shoe-N5lCTh.jpg,$7197,$11995,
West,California,San Francisco,Outlet,Nike Zoom 2K,AO0354-108,10,"The legend lives on in the Nike Air Force 1 '07 Men's Shoe, a modern take on the iconic AF-1 that blends classic style and fresh details.",5,2,https://static.nike.com/a/images/t_PDP_1728_v1/vddy0hfi3ok08gfel1vn/air-force-1-low-retro-shoe-05nKGx.jpg,https://static.nike.com/a/images/t_PDP_1728_v1/lniblggjsmppcgxrjujf/air-force-1-low-retro-shoe-05nKGx.jpg,https://static.nike.com/a/images/t_PDP_1728_v1/wc2woulkjbleosnt2w5d/air-force-1-low-retro-shoe-05nKGx.jpg,https://static.nike.com/a/images/t_PDP_1728_v1/ec9wy4erewjjgpl204tw/air-force-1-low-retro-shoe-05nKGx.jpg,https://static.nike.com/a/images/t_PDP_1728_v1/u6ys2zrfi4ggm0safciu/air-force-1-low-retro-shoe-05nKGx.jpg,https://static.nike.com/a/images/t_PDP_1728_v1/jm9u0di1eapik0rl7sso/air-force-1-low-retro-shoe-05nKGx.jpg,$10995,$0,
West,California,San Francisco,Outlet,Nike Zoom Pegasus Turbo 2,AT2863-100,10,"The NikeCourt Zoom Cage 3 offers zoned durability with a lightweight, pliable overlay that moves with you. A Zoom Air unit in the heel delivers a low-profile ride with responsive cushioning.",4,20,https://static.nike.com/a/images/t_PDP_1728_v1/wxdp81o8obk8kzq9pkqk/nikecourt-zoom-cage-3-hard-court-tennis-shoe-bnKNY8.jpg,https://static.nike.com/a/images/t_PDP_1728_v1/w2epflexitjnvs5ibi25/nikecourt-zoom-cage-3-hard-court-tennis-shoe-bnKNY8.jpg,https://static.nike.com/a/images/t_PDP_1728_v1/hvlmsadr0dygtmsqeocu/nikecourt-zoom-cage-3-hard-court-tennis-shoe-bnKNY8.jpg,https://static.nike.com/a/images/t_PDP_1728_v1/re11qyfe8pqc2pntpdqp/nikecourt-zoom-cage-3-hard-court-tennis-shoe-bnKNY8.jpg,https://static.nike.com/a/images/t_PDP_1728_v1/vjf48zktplvv826lg4fz/nikecourt-zoom-cage-3-hard-court-tennis-shoe-bnKNY8.jpg,https://static.nike.com/a/images/t_PDP_1728_v1/ru5rxjt8iwaqjybvrurk/nikecourt-zoom-cage-3-hard-court-tennis-shoe-bnKNY8.jpg,$13495,$0,
Midwest,Illinois,Chicago,Outlet,Zoom Freak 1 'Employee of the Month',CD4962-001,10,"According to the four-year cycle of the Chinese zodiac, the year of the mouse represents growth. Through the folk-art tradition of Jianzhi (paper cutting), the Kyrie 6 'Chinese New Year' honours major breakthroughs in Nike innovation with a graphic on the tongue. A watercolour-themed print completes the art-inspired CNY theme.",5,1,https://static.nike.com/a/images/t_PDP_1728_v1/f8bf3e52-3481-4d68-92a9-99c57bcdec98/kyrie-6-ep-chinese-new-year-basketball-shoe-Cf9Fsg.jpg,https://static.nike.com/a/images/t_PDP_1728_v1/42ea98cc-6235-4470-96eb-86a2643df661/kyrie-6-ep-chinese-new-year-basketball-shoe-Cf9Fsg.jpg,https://static.nike.com/a/images/t_PDP_1728_v1/fd064e02-9ce8-43a6-9ff8-cb24751e0c43/kyrie-6-ep-chinese-new-year-basketball-shoe-Cf9Fsg.jpg,https://static.nike.com/a/images/t_PDP_1728_v1/5a15b216-4d7c-413e-b11a-3624e39cab22/kyrie-6-ep-chinese-new-year-basketball-shoe-Cf9Fsg.jpg,https://static.nike.com/a/images/t_PDP_1728_v1/6db4c35a-f025-4382-9d93-b59387739f44/kyrie-6-ep-chinese-new-year-basketball-shoe-Cf9Fsg.jpg,https://static.nike.com/a/images/t_PDP_1728_v1/67c73be8-c62e-405b-99c1-fe153abf0e4a/kyrie-6-ep-chinese-new-year-basketball-shoe-Cf9Fsg.jpg,$10995,$0,
Midwest,Illinois,Chicago,Outlet,Nike ZoomX Vaporfly NEXT%,AO4568-600,10,"Players who go all out, every play, in every game deserve something special for their effort. The Nike Fly.By Mid provides court-ready cushioning, support and traction for the game's constant multi-directional movements.",0,0,https://static.nike.com/a/images/t_PDP_1728_v1/4ff2d8a2-1938-4fc5-8639-b747f984f1da/flyby-mid-basketball-shoe-Q2Gp58.jpg,https://static.nike.com/a/images/t_PDP_1728_v1/3ee5bdfe-384a-4617-9b3b-8f4be0592822/flyby-mid-basketball-shoe-Q2Gp58.jpg,https://static.nike.com/a/images/t_PDP_1728_v1/e051bdea-9da8-42e6-8837-d571f6699005/flyby-mid-basketball-shoe-Q2Gp58.jpg,https://static.nike.com/a/images/t_PDP_1728_v1/5ad557c8-3360-4187-b7dc-004e868ae9b8/flyby-mid-basketball-shoe-Q2Gp58.jpg,https://static.nike.com/a/images/t_PDP_1728_v1/35bf8a87-210b-4ede-bb8a-5299abc945c5/flyby-mid-basketball-shoe-Q2Gp58.jpg,https://static.nike.com/a/images/t_PDP_1728_v1/6d266e0b-c66d-4cc9-917d-7a073a2298f0/flyby-mid-basketball-shoe-Q2Gp58.jpg,$4495,$0,
Midwest,Illinois,Chicago,Outlet,Nike SB Check,705265-006,10,"Kevin Durant always looks relaxed?until he attacks. His game is reserved yet explosive, difficult to guard and impossible to stop. The KD12 was built for his dominance and endless energy all game long, with the latest innovation in Nike Zoom Air technology.",5,1,https://static.nike.com/a/images/t_PDP_1728_v1/kusyfedqnkyqukvjvbl2/zoom-kd12-basketball-shoe-xdGvv6.jpg,https://static.nike.com/a/images/t_PDP_1728_v1/gnyrztvsunbamvvqnjdy/zoom-kd12-basketball-shoe-xdGvv6.jpg,https://static.nike.com/a/images/t_PDP_1728_v1/i8ih09atqjorukiaduwp/zoom-kd12-basketball-shoe-xdGvv6.jpg,https://static.nike.com/a/images/t_PDP_1728_v1/wfjfa8cnbnlxm4ybzvvt/zoom-kd12-basketball-shoe-xdGvv6.jpg,https://static.nike.com/a/images/t_PDP_1728_v1/vbczyegjotq1dyltvvus/zoom-kd12-basketball-shoe-xdGvv6.jpg,https://static.nike.com/a/images/t_PDP_1728_v1/yxysvcyirhwcv1h0v0wx/zoom-kd12-basketball-shoe-xdGvv6.jpg,$12995,$0,
Midwest,Illinois,Chicago,Outlet,Nike Free RN Flyknit 3.0 2020,CJ0266-001,10,"Building on the 360-degree Flyknit innovation of the 12, the Nike Mercurial Vapor 13 Elite SE FG adds a Nike Aerowtrac zone to the forefoot and a slightly stiffer chassis to help supercharge traction.",0,0,https://static.nike.com/a/images/t_PDP_1728_v1/gusclobq2h8gdlp4vvnb/mercurial-vapor-13-elite-se-fg-football-boot-XDNvKq.jpg,https://static.nike.com/a/images/t_PDP_1728_v1/zankg4bfh6n99mcke2gy/mercurial-vapor-13-elite-se-fg-football-boot-XDNvKq.jpg,https://static.nike.com/a/images/t_PDP_1728_v1/x40fm1aoqzaxmxheaoat/mercurial-vapor-13-elite-se-fg-football-boot-XDNvKq.jpg,https://static.nike.com/a/images/t_PDP_1728_v1/ejuqwh4nvhsskpwqnup7/mercurial-vapor-13-elite-se-fg-football-boot-XDNvKq.jpg,https://static.nike.com/a/images/t_PDP_1728_v1/e7eckbq3ptrzdla2luqv/mercurial-vapor-13-elite-se-fg-football-boot-XDNvKq.jpg,https://static.nike.com/a/images/t_PDP_1728_v1/zpp1yzhh4h7iav50jnyb/mercurial-vapor-13-elite-se-fg-football-boot-XDNvKq.jpg,$21995,$0,
Midwest,Illinois,Chicago,Outlet,Nike Air Zoom Structure 22,AA1636-406,10,"The Nike Epic React Flyknit 2 takes a step up from its predecessor with smooth, lightweight performance and a bold look. An updated Flyknit upper contours to your foot with a minimal, supportive design. Underfoot, durable Nike React technology defies the odds by being both soft and responsive, for comfort that lasts as long as you can run.",5,72,https://static.nike.com/a/images/t_PDP_1728_v1/akktdiniehnrjqoibfaw/epic-react-flyknit-2-running-shoe-ShRZnm.jpg,https://static.nike.com/a/images/t_PDP_1728_v1/siq0m4beycbxyeinzpjm/epic-react-flyknit-2-running-shoe-ShRZnm.jpg,https://static.nike.com/a/images/t_PDP_1728_v1/zklhrud6p6slldo5apm4/epic-react-flyknit-2-running-shoe-ShRZnm.jpg,https://static.nike.com/a/images/t_PDP_1728_v1/lu7e31tsyhwnjdttugqe/epic-react-flyknit-2-running-shoe-ShRZnm.jpg,https://static.nike.com/a/images/t_PDP_1728_v1/s73xdgtfdndjlnixzng2/epic-react-flyknit-2-running-shoe-ShRZnm.jpg,https://static.nike.com/a/images/t_PDP_1728_v1/vtvjbisl60lycovzgjll/epic-react-flyknit-2-running-shoe-ShRZnm.jpg,$10397,$12995,
Midwest,Illinois,Chicago,Outlet,Nike Drop-Type Mid,BQ5190-101,10,"Disrupt the universe in your Nike MX-720-818. Featuring materials inspired by spacesuits and quilted stitching on the upper, it takes the largest Air unit to date and blends it with the futuristic look of the final frontier. Mesh on the upper keeps your feet cool while the clear sole features the black and grey reminiscent of deep space.",4,1,https://static.nike.com/a/images/t_PDP_1728_v1/0440fbf3-f4e4-4982-9df7-4eb3d13b48cc/mx-720-818-shoe-2WZpnW.jpg,https://static.nike.com/a/images/t_PDP_1728_v1/0c064e7f-1b04-4771-b65e-27b0c28ff866/mx-720-818-shoe-2WZpnW.jpg,https://static.nike.com/a/images/t_PDP_1728_v1/24578d4a-742b-4688-87f1-e88b857b29d7/mx-720-818-shoe-2WZpnW.jpg,https://static.nike.com/a/images/t_PDP_1728_v1/1b31eef8-d2aa-46f2-a03c-03de936ad5f7/mx-720-818-shoe-2WZpnW.jpg,https://static.nike.com/a/images/t_PDP_1728_v1/3e142ec6-388e-4028-9c38-1fa2ccf79dba/mx-720-818-shoe-2WZpnW.jpg,https://static.nike.com/a/images/t_PDP_1728_v1/64ca7941-531c-4350-aeef-b98fa359db47/mx-720-818-shoe-2WZpnW.jpg,$15995,$0,
Midwest,Illinois,Chicago,Outlet,Nike iSPA React,CT2692-002,10,"The Nike Air Streak Lite puts minimalist style back into the spotlight. Originally created by Nike's first Japanese creation team in 1995, this lightweight, sleek silhouette pushes footwear to a different space.",5,1,https://static.nike.com/a/images/t_PDP_1728_v1/696de577-0ebb-4ca5-a7d9-98d8925a645a/air-streak-lite-shoe-7JMz8b.jpg,https://static.nike.com/a/images/t_PDP_1728_v1/698a50fb-179d-44ba-9be5-d303ea2ae0d6/air-streak-lite-shoe-7JMz8b.jpg,https://static.nike.com/a/images/t_PDP_1728_v1/5bf2f01c-43e7-4c27-ab3b-f48cd7805eda/air-streak-lite-shoe-7JMz8b.jpg,https://static.nike.com/a/images/t_PDP_1728_v1/289f956e-6e9c-419e-b97d-7c67b0419c7a/air-streak-lite-shoe-7JMz8b.jpg,https://static.nike.com/a/images/t_PDP_1728_v1/6b050505-98aa-4f95-b13e-dfb415682b32/air-streak-lite-shoe-7JMz8b.jpg,https://static.nike.com/a/images/t_PDP_1728_v1/06224589-6785-48a9-9ebd-d76771c6070a/air-streak-lite-shoe-7JMz8b.jpg,$8995,$0,
Midwest,Illinois,Chicago,Outlet,Nike PhantomVNM Club FG,AO0577-717,10,"The Nike SB Zoom Stefan Janoski Canvas RM Premium pairs a minimal look with a modern fit. It has been updated with a new, plush sockliner and a flexible outsole for better boardfeel right out of the box.",1,1,https://static.nike.com/a/images/t_PDP_1728_v1/i1-7dcf1fa3-97fd-4c60-a5c4-502ae6085d8b/sb-zoom-stefan-janoski-canvas-rm-skate-shoe-sFZ8Vh.jpg,https://static.nike.com/a/images/t_PDP_1728_v1/i1-e017de88-c995-440b-983e-0e244a1ea241/sb-zoom-stefan-janoski-canvas-rm-skate-shoe-sFZ8Vh.jpg,https://static.nike.com/a/images/t_PDP_1728_v1/i1-5a32e22e-0a2f-44bd-90bd-d3d73a5f343c/sb-zoom-stefan-janoski-canvas-rm-skate-shoe-sFZ8Vh.jpg,https://static.nike.com/a/images/t_PDP_1728_v1/i1-469decff-a8a4-4bc5-91da-d1b2036fa3c7/sb-zoom-stefan-janoski-canvas-rm-skate-shoe-sFZ8Vh.jpg,https://static.nike.com/a/images/t_PDP_1728_v1/i1-850090d6-8bfa-431c-9caf-7d004901a4cb/sb-zoom-stefan-janoski-canvas-rm-skate-shoe-sFZ8Vh.jpg,https://static.nike.com/a/images/t_PDP_1728_v1/i1-e78c12ca-3ccf-4c48-a144-65fedc87d771/sb-zoom-stefan-janoski-canvas-rm-skate-shoe-sFZ8Vh.jpg,$7995,$0,
Midwest,Illinois,Chicago,Outlet,Nike Air Max 90,CU3005-171,10,"The Nike Air VaporMax LX wraps your foot in a stretch-woven material that gives structure and support to your stride. Underfoot, the lightest, most flexible Air Max cushioning to date gives a super-bouncy sensation that rivals running on air.",0,0,https://static.nike.com/a/images/t_PDP_1728_v1/fkp2sigtwsqsrfe5krhh/air-vapormax-lx-shoe-G4Jb4V.jpg,https://static.nike.com/a/images/t_PDP_1728_v1/eq8egt1tvhbycawoqbc3/air-vapormax-lx-shoe-G4Jb4V.jpg,https://static.nike.com/a/images/t_PDP_1728_v1/akqucbvc2phcqjkahxmy/air-vapormax-lx-shoe-G4Jb4V.jpg,https://static.nike.com/a/images/t_PDP_1728_v1/csupxgxo5muoutmajiqb/air-vapormax-lx-shoe-G4Jb4V.jpg,https://static.nike.com/a/images/t_PDP_1728_v1/lydovyfucw5iwrddlcgy/air-vapormax-lx-shoe-G4Jb4V.jpg,https://static.nike.com/a/images/t_PDP_1728_v1/wfw6jq5wx0dgumgcdtmj/air-vapormax-lx-shoe-G4Jb4V.jpg,$11897,$16995,
Midwest,Illinois,Chicago,Outlet,NikeCourt Air Zoom Zero,AA8018-101,10,"The Nike Wildhorse 6 keeps it stable, secure and lightweight on the trail. An updated outsole delivers the traction you need, while a foam midsole keeps you cushioned on your run.",5,3,https://static.nike.com/a/images/t_PDP_1728_v1/i1-ad95894c-4dee-40ea-9812-556a1dc9782c/wildhorse-6-trail-running-shoe-VJg6nB.jpg,https://static.nike.com/a/images/t_PDP_1728_v1/i1-8763db1d-1d0c-414d-84fd-5d73d84f2395/wildhorse-6-trail-running-shoe-VJg6nB.jpg,https://static.nike.com/a/images/t_PDP_1728_v1/i1-2f0ed6f4-9ef3-41a8-974c-0069e5ab261b/wildhorse-6-trail-running-shoe-VJg6nB.jpg,https://static.nike.com/a/images/t_PDP_1728_v1/i1-fbe1288b-f9e1-493e-b055-9b91edd770ae/wildhorse-6-trail-running-shoe-VJg6nB.jpg,https://static.nike.com/a/images/t_PDP_1728_v1/i1-9bce6ea4-9128-4776-917c-8d1ca6d35fdc/wildhorse-6-trail-running-shoe-VJg6nB.jpg,https://static.nike.com/a/images/t_PDP_1728_v1/i1-94561130-6339-4255-8655-6389278cbb4c/wildhorse-6-trail-running-shoe-VJg6nB.jpg,$9995,$0,
South,Texas,Dallas,Outlet,Kyrie 6 EP,BQ4631-100,10,"The quicker players are in and out of cuts, the easier it is to keep the defence off balance. The Nike Precision 4 combines a racer look with a low-profile design, so you can make the most of your speed and agility during games.",0,0,https://static.nike.com/a/images/t_PDP_1728_v1/85e0515d-fc8a-4ee0-9132-4db18fdc9a9f/precision-4-basketball-shoe-JVhRs8.jpg,https://static.nike.com/a/images/t_PDP_1728_v1/e1719d63-0d21-4873-8833-842d0b1e9840/precision-4-basketball-shoe-JVhRs8.jpg,https://static.nike.com/a/images/t_PDP_1728_v1/e522d367-abcf-4f97-a224-bbba83f72148/precision-4-basketball-shoe-JVhRs8.jpg,https://static.nike.com/a/images/t_PDP_1728_v1/a05b2dff-96b5-4a89-898f-0b23bf6421fb/precision-4-basketball-shoe-JVhRs8.jpg,https://static.nike.com/a/images/t_PDP_1728_v1/89708b68-925f-40c6-ad76-9c7dda8a9e31/precision-4-basketball-shoe-JVhRs8.jpg,https://static.nike.com/a/images/t_PDP_1728_v1/dd45874a-9d38-4a28-8927-284ab791da2f/precision-4-basketball-shoe-JVhRs8.jpg,$5495,$0,
South,Texas,Dallas,Outlet,Nike Air Force 1 Shadow,CI0919-100,10,"Inspired by patterns of energy radiating from Earth?like the flow of lava and the rhythmic ocean waves?the Nike Air Max 200 boasts the largest Max Air unit to date. With exceptional cushioning and modern detailing, this shoe radiates cool while providing optimal comfort.",5,16,https://static.nike.com/a/images/t_PDP_1728_v1/u0tejnk8qwmsklmwv9no/air-max-200-shoe-s3wL1Q.jpg,https://static.nike.com/a/images/t_PDP_1728_v1/ierzynlykd5ef23fngjx/air-max-200-shoe-s3wL1Q.jpg,https://static.nike.com/a/images/t_PDP_1728_v1/mi2fajio8mlrngbl3ibg/air-max-200-shoe-s3wL1Q.jpg,https://static.nike.com/a/images/t_PDP_1728_v1/wx5m5xvsozyb8ddpzwji/air-max-200-shoe-s3wL1Q.jpg,https://static.nike.com/a/images/t_PDP_1728_v1/nz2h1j77exlhftgc2kfh/air-max-200-shoe-s3wL1Q.jpg,https://static.nike.com/a/images/t_PDP_1728_v1/vbzrvewxnesfoofkrmk3/air-max-200-shoe-s3wL1Q.jpg,$5997,$9995,
South,Texas,Dallas,Outlet,Nike Air Max Tailwind IV,AQ2567-002,10,"Made from durable nylon canvas and synthetic leather, the Nike SFB Gen 2 20cm (approx.) is a lightweight tactical boot designed for speed and flexibility over rough terrain. Inspired by Nike Free technology, the flexible sole is equipped with an aggressive traction pattern for multi-surface grip and an internal rock shield to help prevent punctures.",4,15,https://static.nike.com/a/images/t_PDP_1728_v1/ygil7q2pr3ncwexcs9fd/sfb-gen-2-20cm-tactical-boot-QpCknd.jpg,https://static.nike.com/a/images/t_PDP_1728_v1/u2mlh4gakvmhppevuoby/sfb-gen-2-20cm-tactical-boot-QpCknd.jpg,https://static.nike.com/a/images/t_PDP_1728_v1/h0o7ohtvfdkqwakdpnri/sfb-gen-2-20cm-tactical-boot-QpCknd.jpg,https://static.nike.com/a/images/t_PDP_1728_v1/vyeh6bjg5eifzxnvbpl7/sfb-gen-2-20cm-tactical-boot-QpCknd.jpg,https://static.nike.com/a/images/t_PDP_1728_v1/oyzlmuxyivqnfshmd6yb/sfb-gen-2-20cm-tactical-boot-QpCknd.jpg,https://static.nike.com/a/images/t_PDP_1728_v1/woyzzdd0phrvqvzdopxu/sfb-gen-2-20cm-tactical-boot-QpCknd.jpg,$13995,$0,
South,Texas,Dallas,Outlet,Nike Potential 3,844127-108,10,"The Nike SB Alleyoop delivers comfort that lasts in a low-top silhouette. Soft suede and plush foam hug and support your foot, long after the sun goes down.",0,0,https://static.nike.com/a/images/t_PDP_1728_v1/uuksuuo9jvravohynlvo/sb-alleyoop-skate-shoe-d7G7HK.jpg,https://static.nike.com/a/images/t_PDP_1728_v1/mnjl48912ccrwic9lxea/sb-alleyoop-skate-shoe-d7G7HK.jpg,https://static.nike.com/a/images/t_PDP_1728_v1/jvz8h8meyyrakviwn39l/sb-alleyoop-skate-shoe-d7G7HK.jpg,https://static.nike.com/a/images/t_PDP_1728_v1/np3m9cg2jcqqlpwhkkul/sb-alleyoop-skate-shoe-d7G7HK.jpg,https://static.nike.com/a/images/t_PDP_1728_v1/bpzmsy20ctjyj3nwecfv/sb-alleyoop-skate-shoe-d7G7HK.jpg,https://static.nike.com/a/images/t_PDP_1728_v1/fla5c3jyrr7rsyquiwjm/sb-alleyoop-skate-shoe-d7G7HK.jpg,$6495,$0,
South,Texas,Dallas,Outlet,Nike Mercurial Vapor 13 Academy IC,AT7993-414,10,"Bounce like never before in the Zoom Rise, Nike Basketball's artfully crafted creation for the upwardly mobile. This mid-top provides containment and support up through the ankle, while an extra-large Nike Zoom Air unit under the ball of your foot redefines how responsive a shoe can be.",4,2,https://static.nike.com/a/images/t_PDP_1728_v1/atlpsqutgb0hjmljpxce/zoom-rise-basketball-shoe-xJvCBl.jpg,https://static.nike.com/a/images/t_PDP_1728_v1/ea93mbmk0xvebcc6ypyh/zoom-rise-basketball-shoe-xJvCBl.jpg,https://static.nike.com/a/images/t_PDP_1728_v1/dne2zoffa3hoe7vfnnll/zoom-rise-basketball-shoe-xJvCBl.jpg,https://static.nike.com/a/images/t_PDP_1728_v1/xba8jfzinei8p0qnrofn/zoom-rise-basketball-shoe-xJvCBl.jpg,https://static.nike.com/a/images/t_PDP_1728_v1/bualxvpo1rzckrnhaemt/zoom-rise-basketball-shoe-xJvCBl.jpg,https://static.nike.com/a/images/t_PDP_1728_v1/oblhxxx7z0wqxva9i7vk/zoom-rise-basketball-shoe-xJvCBl.jpg,$8397,$11995,
South,Texas,Dallas,Outlet,Nike x Olivia Kim Air Max 98,CK3309-001,10,"The Nike Phantom Vision Academy Dynamic Fit IC provides precise touch to win small-sided glory, wherever the game finds you. A Ghost Laces system provides secure lockdown while a textured instep is always ready to receive, turn and score.",0,0,https://static.nike.com/a/images/t_PDP_1728_v1/vs2mwxtoid8iahwm1hv8/phantom-vision-academy-dynamic-fit-ic-indoor-court-football-shoe-8mKMTv.jpg,https://static.nike.com/a/images/t_PDP_1728_v1/gnf2uimbiwwmgmu5wwxy/phantom-vision-academy-dynamic-fit-ic-indoor-court-football-shoe-8mKMTv.jpg,https://static.nike.com/a/images/t_PDP_1728_v1/jrx96x2xeapocbhgpcln/phantom-vision-academy-dynamic-fit-ic-indoor-court-football-shoe-8mKMTv.jpg,https://static.nike.com/a/images/t_PDP_1728_v1/xkehd3hakrcstzlvoel5/phantom-vision-academy-dynamic-fit-ic-indoor-court-football-shoe-8mKMTv.jpg,https://static.nike.com/a/images/t_PDP_1728_v1/sxpo6vbvfxgip7d2jovh/phantom-vision-academy-dynamic-fit-ic-indoor-court-football-shoe-8mKMTv.jpg,https://static.nike.com/a/images/t_PDP_1728_v1/dbfl758kxmuj2opeesyg/phantom-vision-academy-dynamic-fit-ic-indoor-court-football-shoe-8mKMTv.jpg,$6797,$8495,
South,Texas,Dallas,Outlet,NikeCourt Royale,749747-010,10,"Inspired by the original that debuted in 1985, the Air Jordan 1 Low offers a clean, classic look that's familiar yet always fresh. It's made for casual mode, with an iconic design that goes with everything and never goes out of style.",5,34,https://static.nike.com/a/images/t_PDP_1728_v1/fvsemxyni5ju39y48ysn/air-jordan-1-low-shoe-6Q1tFM.jpg,https://static.nike.com/a/images/t_PDP_1728_v1/ufdpdycyxiex8giiew3s/air-jordan-1-low-shoe-6Q1tFM.jpg,https://static.nike.com/a/images/t_PDP_1728_v1/bseidu37r77dmy3barnl/air-jordan-1-low-shoe-6Q1tFM.jpg,https://static.nike.com/a/images/t_PDP_1728_v1/js0hsb1hmyjvz4qvl0xc/air-jordan-1-low-shoe-6Q1tFM.jpg,https://static.nike.com/a/images/t_PDP_1728_v1/w4vkgrtxkgblijlp5zf9/air-jordan-1-low-shoe-6Q1tFM.jpg,https://static.nike.com/a/images/t_PDP_1728_v1/rp3airm6aw8pxjacsxff/air-jordan-1-low-shoe-6Q1tFM.jpg,$8995,$0,
South,Texas,Dallas,Outlet,Nike Air Huarache,634835-108,10,"Inspired by spacesuits, the Jordan Proto-React Z has a futuristic look with a fit and feel made for all-day wear. Responsive cushioning gives you more bounce with less weight, while an aeronautics-inspired shroud and snug bootie help keep you strapped in.",5,5,https://static.nike.com/a/images/t_PDP_1728_v1/zxexya7jxod36ds1saet/jordan-proto-react-z-shoe-GmnRcs.jpg,https://static.nike.com/a/images/t_PDP_1728_v1/ocuf1tvadhvcrhvezglj/jordan-proto-react-z-shoe-GmnRcs.jpg,https://static.nike.com/a/images/t_PDP_1728_v1/rj67irxrtaamyneuok6p/jordan-proto-react-z-shoe-GmnRcs.jpg,https://static.nike.com/a/images/t_PDP_1728_v1/rvq8wu57aylf7lxhjdxk/jordan-proto-react-z-shoe-GmnRcs.jpg,https://static.nike.com/a/images/t_PDP_1728_v1/huzrr0kbmfgld1sze4yt/jordan-proto-react-z-shoe-GmnRcs.jpg,https://static.nike.com/a/images/t_PDP_1728_v1/v2zkn7peztg0icb9h8wy/jordan-proto-react-z-shoe-GmnRcs.jpg,$11197,$13995,
South,Texas,Dallas,Outlet,KD Trey 5 VII EP,AT1198-401,10,The Nike Air Force 1 SP adds a shiny metallic finish to the details that made the original an icon.,5,3,https://static.nike.com/a/images/t_PDP_1728_v1/uqlntxm9u2wckpv3nvpn/air-force-1-sp-shoe-LRDvjj.jpg,https://static.nike.com/a/images/t_PDP_1728_v1/mgghj5gm8vkz3yjhdcqz/air-force-1-sp-shoe-LRDvjj.jpg,https://static.nike.com/a/images/t_PDP_1728_v1/uxi9qhol50oct8nnasxe/air-force-1-sp-shoe-LRDvjj.jpg,https://static.nike.com/a/images/t_PDP_1728_v1/j19nlqkstds68rvg9lqs/air-force-1-sp-shoe-LRDvjj.jpg,https://static.nike.com/a/images/t_PDP_1728_v1/apk7l5vn5c7omtwe7ogx/air-force-1-sp-shoe-LRDvjj.jpg,https://static.nike.com/a/images/t_PDP_1728_v1/dtpl89s2addcs9unxhy4/air-force-1-sp-shoe-LRDvjj.jpg,$12995,$0,
South,Texas,Dallas,Outlet,Nike Phantom Venom Academy FG,AO0566-606,10,"The Nike Zoom Pegasus Turbo is the Pegasus you know and love with major upgrades for speed. The featherlight upper looks as fast as it feels, while the revolutionary Nike ZoomX foam that was designed for elite Nike runners during the Breaking 2 attempt brings record-breaking speed and responsiveness to your daily training runs.",4,20,https://c.static-nike.com/a/images/t_PDP_1728_v1/x1jprz9ri8btch82mdsq/zoom-pegasus-turbo-running-shoe-Cvsms5.jpg,https://c.static-nike.com/a/images/t_PDP_1728_v1/smtylxvfaua68p0ul73j/zoom-pegasus-turbo-running-shoe-Cvsms5.jpg,https://c.static-nike.com/a/images/t_PDP_1728_v1/epsuylxbtvowxluqx0uj/zoom-pegasus-turbo-running-shoe-Cvsms5.jpg,https://c.static-nike.com/a/images/t_PDP_1728_v1/fsy4v5sy2n6zpghwcoxy/zoom-pegasus-turbo-running-shoe-Cvsms5.jpg,https://c.static-nike.com/a/images/t_PDP_1728_v1/gwetyac568kdzkovywch/zoom-pegasus-turbo-running-shoe-Cvsms5.jpg,https://c.static-nike.com/a/images/t_PDP_1728_v1/a4yfzdniftlvmqxsiw8a/zoom-pegasus-turbo-running-shoe-Cvsms5.jpg,$15995,$0,
South,Texas,Dallas,Outlet,Nike Mercurial Vapor XII Club MG,AH7378-801,10,"An ideal performer for runs of up to 3 miles, the Nike Free RN 5.0 returns to its roots as a running shoe. A stripped-down upper with single-layer mesh is stretchy to feel like a second skin. The lightweight midsole with less foam makes it easy to hit the ground running.",5,13,https://static.nike.com/a/images/t_PDP_1728_v1/mhhgfrgzqsd6vecp415y/free-rn-5-running-shoe-fx7j0x.jpg,https://static.nike.com/a/images/t_PDP_1728_v1/rjqaftqhlgzzstqt4qip/free-rn-5-running-shoe-fx7j0x.jpg,https://static.nike.com/a/images/t_PDP_1728_v1/il4wbelvtqfpojjb0fjo/free-rn-5-running-shoe-fx7j0x.jpg,https://static.nike.com/a/images/t_PDP_1728_v1/dswszdimy8ldd2xg59oo/free-rn-5-running-shoe-fx7j0x.jpg,https://static.nike.com/a/images/t_PDP_1728_v1/w0u6urpjkscnaavupl1h/free-rn-5-running-shoe-fx7j0x.jpg,https://static.nike.com/a/images/t_PDP_1728_v1/mpc9acfwmbz0eoutgbbf/free-rn-5-running-shoe-fx7j0x.jpg,$4797,$7995,
Northeast,Pennsylvania,Philadelphia,Outlet,Nike Air Max Bella TR 2,AQ7492-010,10,"The iconic Nike Air Zoom Pegasus 36 returns with more cooling perforations and mesh in the upper that targets breathability across high-heat areas. A slimmer heel collar and tongue reduces bulk, while exposed cables give you a snug fit at higher speeds.",0,0,https://static.nike.com/a/images/t_PDP_1728_v1/5ab0ab13-a74d-4785-9521-ff30d35cb5e0/air-zoom-pegasus-36-running-shoe-FqkFBB.jpg,https://static.nike.com/a/images/t_PDP_1728_v1/e9b197dd-3739-42d5-a132-7a0f487e95ec/air-zoom-pegasus-36-running-shoe-FqkFBB.jpg,https://static.nike.com/a/images/t_PDP_1728_v1/46562140-6928-4cba-a927-ab8b8efe297e/air-zoom-pegasus-36-running-shoe-FqkFBB.jpg,https://static.nike.com/a/images/t_PDP_1728_v1/d85b07b4-097c-4c9a-b36b-c51f38e5a303/air-zoom-pegasus-36-running-shoe-FqkFBB.jpg,https://static.nike.com/a/images/t_PDP_1728_v1/e9b99a65-b21f-4fb5-9cde-9cbed0b062fd/air-zoom-pegasus-36-running-shoe-FqkFBB.jpg,https://static.nike.com/a/images/t_PDP_1728_v1/91fa5115-07c6-4d05-8fd8-5e979782ae7f/air-zoom-pegasus-36-running-shoe-FqkFBB.jpg,$10995,$0,
Northeast,Pennsylvania,Philadelphia,Outlet,Nike Air Zoom Terra Kiger 6,CJ0220-400,10,"The Nike Phantom Venom Academy TF is engineered for powerful, precise strikes that win games. Ridges on the instep help create spin to control the flight of the ball. The sole provides the turf traction needed to unleash at any moment.",5,1,https://static.nike.com/a/images/t_PDP_1728_v1/9ba6a211-6218-42d2-a095-75c74f168fc5/phantom-venom-academy-tf-football-shoe-2RWKVD.jpg,https://static.nike.com/a/images/t_PDP_1728_v1/0f808fc0-cd48-4307-92d4-e31869c6a5ab/phantom-venom-academy-tf-football-shoe-2RWKVD.jpg,https://static.nike.com/a/images/t_PDP_1728_v1/c9931f10-1ad5-41f1-aadd-9d58de2ac2d2/phantom-venom-academy-tf-football-shoe-2RWKVD.jpg,https://static.nike.com/a/images/t_PDP_1728_v1/4147cf6f-98f2-4900-964b-40bdf932f090/phantom-venom-academy-tf-football-shoe-2RWKVD.jpg,https://static.nike.com/a/images/t_PDP_1728_v1/dda50506-0362-4f2c-a01b-91a9bc5cba95/phantom-venom-academy-tf-football-shoe-2RWKVD.jpg,https://static.nike.com/a/images/t_PDP_1728_v1/315aea40-ed52-4f11-a3ab-340a39acb3d9/phantom-venom-academy-tf-football-shoe-2RWKVD.jpg,$7495,$0,
Northeast,Pennsylvania,Philadelphia,Outlet,Jordan Proto-React Z,CI3794-600,10,"The Kyrie 4 Men's Basketball Shoe is ultra-flexible, responsive and supportive. It's designed for Kyrie Irving's sudden changes of direction and smooth yet rapid playing style.",5,19,https://c.static-nike.com/a/images/t_PDP_1728_v1/sgyyeruriokgudaex8pp/kyrie-4-basketball-shoe-vObdeZ.jpg,https://c.static-nike.com/a/images/t_PDP_1728_v1/suwrhvys06fhxsw01xli/kyrie-4-basketball-shoe-vObdeZ.jpg,https://c.static-nike.com/a/images/t_PDP_1728_v1/udgprzqpsiih7z5pmyet/kyrie-4-basketball-shoe-vObdeZ.jpg,https://c.static-nike.com/a/images/t_PDP_1728_v1/vynd0gakynuenzulglt8/kyrie-4-basketball-shoe-vObdeZ.jpg,https://c.static-nike.com/a/images/t_PDP_1728_v1/fnyvpd1fhef1et7k8p7u/kyrie-4-basketball-shoe-vObdeZ.jpg,https://c.static-nike.com/a/images/t_PDP_1728_v1/inrnpoojl5kbcsemxgql/kyrie-4-basketball-shoe-vObdeZ.jpg,$10995,$0,
Northeast,Pennsylvania,Philadelphia,Outlet,Nike Air Force 1 SP,CQ6566-700,10,"Designed to withstand the demands of cross-training, the Nike Metcon 4 XD Patch delivers abrasion resistance with a 3D-printed upper for long-lasting wear. It comes with a set of 6 patches so you can customise your look with what motivates you most.",0,0,https://static.nike.com/a/images/t_PDP_1728_v1/jrrbeipcrnhyzptq99xw/metcon-4-xd-patch-training-shoe-jVSmDk.jpg,https://static.nike.com/a/images/t_PDP_1728_v1/km4h79mkf2bnd0z1vxgt/metcon-4-xd-patch-training-shoe-jVSmDk.jpg,https://static.nike.com/a/images/t_PDP_1728_v1/id7rohhblunsjr6d2bri/metcon-4-xd-patch-training-shoe-jVSmDk.jpg,https://static.nike.com/a/images/t_PDP_1728_v1/sqie5x9e0rypnkc3njfc/metcon-4-xd-patch-training-shoe-jVSmDk.jpg,https://static.nike.com/a/images/t_PDP_1728_v1/ow7pdwwcm5s0djotk31d/metcon-4-xd-patch-training-shoe-jVSmDk.jpg,https://static.nike.com/a/images/t_PDP_1728_v1/bkewdief41l2ydijepcg/metcon-4-xd-patch-training-shoe-jVSmDk.jpg,$11995,$0,
Northeast,Pennsylvania,Philadelphia,Outlet,Nike Zoom Pegasus Turbo,AJ4115-060,10,"As fresh as the day it debuted, the NikeCourt Royale SL features classic, clean lines, a durable synthetic leather upper and a rubber cupsole for all-day comfort.",0,0,https://c.static-nike.com/a/images/t_PDP_1728_v1/ee9vxaajhqfkihgpxwmm/nikecourt-royale-sl-shoe-L8S17s.jpg,https://c.static-nike.com/a/images/t_PDP_1728_v1/kzx2yxsds3nquvlsl0ze/nikecourt-royale-sl-shoe-L8S17s.jpg,https://c.static-nike.com/a/images/t_PDP_1728_v1/my7ufa6xtujb0xqduv0m/nikecourt-royale-sl-shoe-L8S17s.jpg,https://c.static-nike.com/a/images/t_PDP_1728_v1/quimvctv5f2ygbzoz0kw/nikecourt-royale-sl-shoe-L8S17s.jpg,https://c.static-nike.com/a/images/t_PDP_1728_v1/mzlmfn6sbgwjboryhk4d/nikecourt-royale-sl-shoe-L8S17s.jpg,https://c.static-nike.com/a/images/t_PDP_1728_v1/scygljb6abgekj8rdng3/nikecourt-royale-sl-shoe-L8S17s.jpg,$3197,$3995,
Northeast,Pennsylvania,Philadelphia,Outlet,Nike Free RN 5.0,AQ1316-500,10,"The Nike React Metcon takes the stability and traction from the training original and pairs it with Nike's most comfortable cushioning. Tackle high-impact and lifting workouts with a light, breathable upper and durable grip to keep you going.",4,3,https://static.nike.com/a/images/t_PDP_1728_v1/f27d089b-21f2-4240-b78f-5a04f04a1caa/react-metcon-training-shoe-gLnbhP.jpg,https://static.nike.com/a/images/t_PDP_1728_v1/dc5158e6-cdb9-440e-9f60-e4d1b563551c/react-metcon-training-shoe-gLnbhP.jpg,https://static.nike.com/a/images/t_PDP_1728_v1/3c802544-3370-40b2-9aa8-f2a2e8619540/react-metcon-training-shoe-gLnbhP.jpg,https://static.nike.com/a/images/t_PDP_1728_v1/368895ff-4248-4d15-bd09-7ea8e008fa33/react-metcon-training-shoe-gLnbhP.jpg,https://static.nike.com/a/images/t_PDP_1728_v1/46b5e025-6f1e-43dd-b0e9-fb401bf2f085/react-metcon-training-shoe-gLnbhP.jpg,https://static.nike.com/a/images/t_PDP_1728_v1/00b39e50-f11e-4864-a4ec-0a43691d8875/react-metcon-training-shoe-gLnbhP.jpg,$12995,$0,
Northeast,Pennsylvania,Philadelphia,Outlet,Air Jordan OG,133000-106,10,The Nike Phantom Vision 2 Academy Dynamic Fit TF has a textured NIKESKIN overlay for durability and precise touch. Covered laces keep your striking surface clear.,0,0,https://static.nike.com/a/images/t_PDP_1728_v1/9b773bd3-6651-4fe0-bdad-392f3c3480b8/phantom-vision-2-academy-dynamic-fit-tf-artificial-football-shoe-zm1pFj.jpg,https://static.nike.com/a/images/t_PDP_1728_v1/cbd717d9-c708-41d5-a86c-95cf7051e618/phantom-vision-2-academy-dynamic-fit-tf-artificial-football-shoe-zm1pFj.jpg,https://static.nike.com/a/images/t_PDP_1728_v1/856b7477-ba3f-42ad-b95b-5878ecc15f48/phantom-vision-2-academy-dynamic-fit-tf-artificial-football-shoe-zm1pFj.jpg,https://static.nike.com/a/images/t_PDP_1728_v1/bcd4ec02-1003-478b-b7f3-b20a00986bb2/phantom-vision-2-academy-dynamic-fit-tf-artificial-football-shoe-zm1pFj.jpg,https://static.nike.com/a/images/t_PDP_1728_v1/dcb6ce54-1bf7-4918-bbc0-bfce689c00cf/phantom-vision-2-academy-dynamic-fit-tf-artificial-football-shoe-zm1pFj.jpg,https://static.nike.com/a/images/t_PDP_1728_v1/7811d35f-bd36-412a-ae51-b209e97a6a18/phantom-vision-2-academy-dynamic-fit-tf-artificial-football-shoe-zm1pFj.jpg,$8495,$0,
Northeast,Pennsylvania,Philadelphia,Outlet,Nike Air Zoom Pegasus 36,BV5740-101,10,"30 years after its original release, the Nike Air Max 90 is back to celebrate the new year. A tonal graphic print, inspired by the folk art of paper cutting, celebrates breakthrough moments from the past that also coincided with the Year of the Rat. Soft, sateen-like material, classic TPU accents and hints of metallic silver finish this design that marks the beginning of a new decade and zodiac cycle.",0,0,https://static.nike.com/a/images/t_PDP_1728_v1/77603929-32aa-4c97-a2ea-7aca5ce46ea3/air-max-90-shoe-Ppqwzq.jpg,https://static.nike.com/a/images/t_PDP_1728_v1/32db8707-9512-4eda-9154-5b5579bca2c5/air-max-90-shoe-Ppqwzq.jpg,https://static.nike.com/a/images/t_PDP_1728_v1/bd1a1ea8-5eca-4b4f-aa4e-206d2e19312c/air-max-90-shoe-Ppqwzq.jpg,https://static.nike.com/a/images/t_PDP_1728_v1/665ba278-5fe4-416a-8cd8-3f512ea0f259/air-max-90-shoe-Ppqwzq.jpg,https://static.nike.com/a/images/t_PDP_1728_v1/0ec89f04-9000-414e-afcb-5bc2d4879fc4/air-max-90-shoe-Ppqwzq.jpg,https://static.nike.com/a/images/t_PDP_1728_v1/e0207761-157d-4b90-83cb-11ec88755a55/air-max-90-shoe-Ppqwzq.jpg,$9995,$0,
Northeast,Pennsylvania,Philadelphia,Outlet,Nike Air Max Tailwind IV SE,CJ9681-001,10,"The Nike Air Max 270 React uses lightweight, layered, no-sew materials to create a modern style that looks as good as it feels.",5,6,https://static.nike.com/a/images/t_PDP_1728_v1/i1-869fe624-7507-4554-9eb1-8444cd8040b1/air-max-270-react-shoe-0gd9QL.jpg,https://static.nike.com/a/images/t_PDP_1728_v1/i1-787fdc4a-2c96-441b-92f9-1d35aedebad2/air-max-270-react-shoe-0gd9QL.jpg,https://static.nike.com/a/images/t_PDP_1728_v1/i1-49a0af11-f338-4324-b069-159e319d359f/air-max-270-react-shoe-0gd9QL.jpg,https://static.nike.com/a/images/t_PDP_1728_v1/i1-d6cc7171-6172-49d9-84b2-8537be6d1054/air-max-270-react-shoe-0gd9QL.jpg,https://static.nike.com/a/images/t_PDP_1728_v1/i1-933b7bc6-5297-4013-a066-2c0540b688f5/air-max-270-react-shoe-0gd9QL.jpg,https://static.nike.com/a/images/t_PDP_1728_v1/i1-f7160f01-0fce-4423-9d14-14f0e5a7a88e/air-max-270-react-shoe-0gd9QL.jpg,$12995,$0,
Northeast,Pennsylvania,Philadelphia,Outlet,Nike Air VaporMax 2019 Premium,AT6817-300,10,"The Nike Zoom Fly SP Fast Shoe features a deconstructed upper to make the shoe lightweight and distraction-free. Underfoot, Nike React technology combines with a full-length carbon-infused nylon plate to deliver revolutionary energy return.",0,0,https://static.nike.com/a/images/t_PDP_1728_v1/qpk9jihrforstekpmbus/zoom-fly-sp-fast-running-shoe-MnZ83P.jpg,https://static.nike.com/a/images/t_PDP_1728_v1/cjrvpgrcw70u9gun4qda/zoom-fly-sp-fast-running-shoe-MnZ83P.jpg,https://static.nike.com/a/images/t_PDP_1728_v1/qhmgvxhohgrbx6sdbhwo/zoom-fly-sp-fast-running-shoe-MnZ83P.jpg,https://static.nike.com/a/images/t_PDP_1728_v1/w0t2o3owrrofl5f3aqwp/zoom-fly-sp-fast-running-shoe-MnZ83P.jpg,https://static.nike.com/a/images/t_PDP_1728_v1/am7hvirjeukkqbhbiinv/zoom-fly-sp-fast-running-shoe-MnZ83P.jpg,https://static.nike.com/a/images/t_PDP_1728_v1/hy0mgcnmi9zvuhoqazlv/zoom-fly-sp-fast-running-shoe-MnZ83P.jpg,$10197,$16995,
Northeast,Pennsylvania,Philadelphia,Outlet,NikeCourt Air Zoom Vapor Cage 4,CD0431-107,10,"With DIY attitude and classic tennis shoe appeal, the Nike Drop-Type puts a raw, experimental edge on an iconic look. Featuring distinct lines that borrow from the NikeCourt series, an exposed foam tongue and N354 branding, it lets your shoes do the talking.",4,1,https://static.nike.com/a/images/t_PDP_1728_v1/m5u3hbtedpsi3ef6i9s6/drop-type-shoe-1fZrf5.jpg,https://static.nike.com/a/images/t_PDP_1728_v1/juixabc5znwyfwcmdlnr/drop-type-shoe-1fZrf5.jpg,https://static.nike.com/a/images/t_PDP_1728_v1/tnl1uacedyjjdfzgyfh9/drop-type-shoe-1fZrf5.jpg,https://static.nike.com/a/images/t_PDP_1728_v1/jxsjs173s9ulfyuhuox2/drop-type-shoe-1fZrf5.jpg,https://static.nike.com/a/images/t_PDP_1728_v1/j2mhylenng9h0om6n5i1/drop-type-shoe-1fZrf5.jpg,https://static.nike.com/a/images/t_PDP_1728_v1/yggu6chqsqmakwbwtc57/drop-type-shoe-1fZrf5.jpg,$5995,$0,
